{
    "epoch": 10.0,
    "eval_accuracy": 0.5487364620938628,
    "eval_loss": 0.6912004351615906,
    "eval_runtime": 2.349,
    "eval_samples": 277,
    "eval_samples_per_second": 117.92,
    "eval_steps_per_second": 14.9
}