{
    "epoch": 10.0,
    "total_flos": 9.167195214996173e+17,
    "train_loss": 0.42591692366220807,
    "train_runtime": 75288.4323,
    "train_samples": 392702,
    "train_samples_per_second": 52.16,
    "train_steps_per_second": 6.52
}