{
    "epoch": 10.0,
    "eval_loss": 0.5098803639411926,
    "eval_matthews_correlation": 0.5879831868448624,
    "eval_runtime": 8.9191,
    "eval_samples": 1043,
    "eval_samples_per_second": 116.94,
    "eval_steps_per_second": 14.688
}