{
    "epoch": 10.0,
    "total_flos": 1.996123207947264e+16,
    "train_loss": 0.388056887634677,
    "train_runtime": 1649.8156,
    "train_samples": 8551,
    "train_samples_per_second": 51.83,
    "train_steps_per_second": 6.48
}