{
    "epoch": 10.0,
    "eval_accuracy": 0.8088235294117647,
    "eval_combined_score": 0.8398422282820412,
    "eval_f1": 0.8708609271523179,
    "eval_loss": 0.4717414081096649,
    "eval_runtime": 3.4746,
    "eval_samples": 408,
    "eval_samples_per_second": 117.425,
    "eval_steps_per_second": 14.678,
    "total_flos": 8562483834347520.0,
    "train_loss": 0.4700226062782969,
    "train_runtime": 705.369,
    "train_samples": 3668,
    "train_samples_per_second": 52.001,
    "train_steps_per_second": 6.507
}