{
    "epoch": 10.0,
    "eval_loss": 0.5731698274612427,
    "eval_matthews_correlation": 0.6031588333778671,
    "eval_runtime": 9.0101,
    "eval_samples": 1043,
    "eval_samples_per_second": 115.759,
    "eval_steps_per_second": 14.539,
    "total_flos": 1.996123207947264e+16,
    "train_loss": 0.36772903214000563,
    "train_runtime": 1650.8176,
    "train_samples": 8551,
    "train_samples_per_second": 51.799,
    "train_steps_per_second": 6.476
}