{
    "epoch": 10.0,
    "total_flos": 2.4450933594903552e+17,
    "train_loss": 0.3236683373453782,
    "train_runtime": 20028.5826,
    "train_samples": 104743,
    "train_samples_per_second": 52.297,
    "train_steps_per_second": 6.537
}