{
    "epoch": 10.0,
    "eval_accuracy": 0.9220183486238532,
    "eval_loss": 0.36744996905326843,
    "eval_runtime": 7.6694,
    "eval_samples": 872,
    "eval_samples_per_second": 113.699,
    "eval_steps_per_second": 14.212,
    "total_flos": 1.5721775456910336e+17,
    "train_loss": 0.18749008081293203,
    "train_runtime": 13243.8917,
    "train_samples": 67349,
    "train_samples_per_second": 50.853,
    "train_steps_per_second": 6.357
}