{
    "epoch": 10.0,
    "total_flos": 1.5721775456910336e+17,
    "train_loss": 0.18749008081293203,
    "train_runtime": 13243.8917,
    "train_samples": 67349,
    "train_samples_per_second": 50.853,
    "train_steps_per_second": 6.357
}