{
    "epoch": 10.0,
    "eval_accuracy": 0.9181768259198243,
    "eval_loss": 0.316491037607193,
    "eval_runtime": 46.3049,
    "eval_samples": 5463,
    "eval_samples_per_second": 117.979,
    "eval_steps_per_second": 14.75
}