{
    "epoch": 10.0,
    "total_flos": 2.4450933594903552e+17,
    "train_loss": 0.2816662991100624,
    "train_runtime": 20033.2347,
    "train_samples": 104743,
    "train_samples_per_second": 52.285,
    "train_steps_per_second": 6.536
}