{
    "epoch": 10.0,
    "eval_accuracy": 0.8455882352941176,
    "eval_combined_score": 0.8691314259945886,
    "eval_f1": 0.8926746166950597,
    "eval_loss": 0.4148164391517639,
    "eval_runtime": 3.5442,
    "eval_samples": 408,
    "eval_samples_per_second": 115.119,
    "eval_steps_per_second": 14.39,
    "total_flos": 8562483834347520.0,
    "train_loss": 0.4204959021674262,
    "train_runtime": 704.524,
    "train_samples": 3668,
    "train_samples_per_second": 52.064,
    "train_steps_per_second": 6.515
}