{
    "epoch": 10.0,
    "eval_accuracy": 0.8455882352941176,
    "eval_combined_score": 0.8691314259945886,
    "eval_f1": 0.8926746166950597,
    "eval_loss": 0.4148164391517639,
    "eval_runtime": 3.5442,
    "eval_samples": 408,
    "eval_samples_per_second": 115.119,
    "eval_steps_per_second": 14.39
}