{
    "epoch": 10.0,
    "eval_loss": 0.5435261130332947,
    "eval_matthews_correlation": 0.5955827154899263,
    "eval_runtime": 8.9028,
    "eval_samples": 1043,
    "eval_samples_per_second": 117.155,
    "eval_steps_per_second": 14.715
}