{
    "epoch": 10.0,
    "eval_accuracy": 0.9198242723778144,
    "eval_loss": 0.309444785118103,
    "eval_runtime": 46.8938,
    "eval_samples": 5463,
    "eval_samples_per_second": 116.497,
    "eval_steps_per_second": 14.565,
    "total_flos": 2.4450933594903552e+17,
    "train_loss": 0.27781669834049266,
    "train_runtime": 19937.1482,
    "train_samples": 104743,
    "train_samples_per_second": 52.537,
    "train_steps_per_second": 6.567
}