{
    "epoch": 10.0,
    "eval_accuracy": 0.9198242723778144,
    "eval_loss": 0.309444785118103,
    "eval_runtime": 46.8938,
    "eval_samples": 5463,
    "eval_samples_per_second": 116.497,
    "eval_steps_per_second": 14.565
}