{
    "epoch": 10.0,
    "eval_accuracy": 0.8431372549019608,
    "eval_combined_score": 0.8680569217653616,
    "eval_f1": 0.8929765886287625,
    "eval_loss": 0.42230549454689026,
    "eval_runtime": 3.4742,
    "eval_samples": 408,
    "eval_samples_per_second": 117.438,
    "eval_steps_per_second": 14.68
}