{
    "epoch": 10.0,
    "eval_accuracy": 0.8965619589413801,
    "eval_combined_score": 0.8792026841287675,
    "eval_f1": 0.8618434093161547,
    "eval_loss": 0.35074302554130554,
    "eval_runtime": 351.7388,
    "eval_samples": 40430,
    "eval_samples_per_second": 114.943,
    "eval_steps_per_second": 14.369,
    "total_flos": 8.493526426368614e+17,
    "train_loss": 0.2890971097658687,
    "train_runtime": 69786.2745,
    "train_samples": 363846,
    "train_samples_per_second": 52.137,
    "train_steps_per_second": 6.517
}