{
    "epoch": 10.0,
    "eval_accuracy": 0.8965619589413801,
    "eval_combined_score": 0.8792026841287675,
    "eval_f1": 0.8618434093161547,
    "eval_loss": 0.35074302554130554,
    "eval_runtime": 351.7388,
    "eval_samples": 40430,
    "eval_samples_per_second": 114.943,
    "eval_steps_per_second": 14.369
}