{
    "epoch": 10.0,
    "total_flos": 8.493526426368614e+17,
    "train_loss": 0.2890971097658687,
    "train_runtime": 69786.2745,
    "train_samples": 363846,
    "train_samples_per_second": 52.137,
    "train_steps_per_second": 6.517
}