{
    "epoch": 10.0,
    "eval_accuracy": 0.9151376146788991,
    "eval_loss": 0.394639253616333,
    "eval_runtime": 7.7456,
    "eval_samples": 872,
    "eval_samples_per_second": 112.579,
    "eval_steps_per_second": 14.072,
    "total_flos": 1.5721775456910336e+17,
    "train_loss": 0.18597868824107075,
    "train_runtime": 13258.3704,
    "train_samples": 67349,
    "train_samples_per_second": 50.797,
    "train_steps_per_second": 6.35
}