{
    "epoch": 10.0,
    "eval_accuracy": 0.9151376146788991,
    "eval_loss": 0.394639253616333,
    "eval_runtime": 7.7456,
    "eval_samples": 872,
    "eval_samples_per_second": 112.579,
    "eval_steps_per_second": 14.072
}