{
    "epoch": 10.0,
    "total_flos": 1.5721775456910336e+17,
    "train_loss": 0.18597868824107075,
    "train_runtime": 13258.3704,
    "train_samples": 67349,
    "train_samples_per_second": 50.797,
    "train_steps_per_second": 6.35
}