{
    "epoch": 10.0,
    "eval_combined_score": 0.8973908117688703,
    "eval_loss": 0.46635061502456665,
    "eval_pearson": 0.8981887102127075,
    "eval_runtime": 12.9796,
    "eval_samples": 1500,
    "eval_samples_per_second": 115.566,
    "eval_spearmanr": 0.896592913325033,
    "eval_steps_per_second": 14.484
}