{
    "epoch": 10.0,
    "eval_accuracy": 0.6823104693140795,
    "eval_loss": 0.6253244280815125,
    "eval_runtime": 2.3508,
    "eval_samples": 277,
    "eval_samples_per_second": 117.832,
    "eval_steps_per_second": 14.889,
    "total_flos": 5812591261593600.0,
    "train_loss": 0.6060360725109394,
    "train_runtime": 478.0304,
    "train_samples": 2490,
    "train_samples_per_second": 52.089,
    "train_steps_per_second": 6.527
}