{
    "epoch": 10.0,
    "eval_accuracy": 0.6823104693140795,
    "eval_loss": 0.6253244280815125,
    "eval_runtime": 2.3508,
    "eval_samples": 277,
    "eval_samples_per_second": 117.832,
    "eval_steps_per_second": 14.889
}