{
    "epoch": 10.0,
    "eval_accuracy": 0.9220183486238532,
    "eval_loss": 0.37095656991004944,
    "eval_runtime": 7.9086,
    "eval_samples": 872,
    "eval_samples_per_second": 110.26,
    "eval_steps_per_second": 13.782,
    "total_flos": 1.5721775456910336e+17,
    "train_loss": 0.18214260864348433,
    "train_runtime": 13183.9722,
    "train_samples": 67349,
    "train_samples_per_second": 51.084,
    "train_steps_per_second": 6.386
}