{
    "epoch": 10.0,
    "eval_accuracy": 0.9220183486238532,
    "eval_loss": 0.37095656991004944,
    "eval_runtime": 7.9086,
    "eval_samples": 872,
    "eval_samples_per_second": 110.26,
    "eval_steps_per_second": 13.782
}