{
    "epoch": 10.0,
    "eval_accuracy": 0.7303921568627451,
    "eval_combined_score": 0.7770550527903468,
    "eval_f1": 0.8237179487179487,
    "eval_loss": 0.5574921369552612,
    "eval_runtime": 3.4867,
    "eval_samples": 408,
    "eval_samples_per_second": 117.018,
    "eval_steps_per_second": 14.627,
    "total_flos": 8562483834347520.0,
    "train_loss": 0.5846038087001294,
    "train_runtime": 707.8012,
    "train_samples": 3668,
    "train_samples_per_second": 51.822,
    "train_steps_per_second": 6.485
}