{
    "epoch": 10.0,
    "eval_loss": 0.5003476142883301,
    "eval_matthews_correlation": 0.509956265936642,
    "eval_runtime": 8.9127,
    "eval_samples": 1043,
    "eval_samples_per_second": 117.024,
    "eval_steps_per_second": 14.698,
    "total_flos": 1.996123207947264e+16,
    "train_loss": 0.4756544279093158,
    "train_runtime": 1650.7273,
    "train_samples": 8551,
    "train_samples_per_second": 51.801,
    "train_steps_per_second": 6.476
}