{
    "epoch": 10.0,
    "eval_combined_score": 0.8983923258486403,
    "eval_loss": 0.4583498537540436,
    "eval_pearson": 0.8991705775260925,
    "eval_runtime": 12.9687,
    "eval_samples": 1500,
    "eval_samples_per_second": 115.663,
    "eval_spearmanr": 0.897614074171188,
    "eval_steps_per_second": 14.496,
    "total_flos": 1.344626771541504e+16,
    "train_loss": 0.5739197583788791,
    "train_runtime": 1125.0673,
    "train_samples": 5749,
    "train_samples_per_second": 51.099,
    "train_steps_per_second": 6.391
}