{
    "epoch": 10.0,
    "total_flos": 1.344626771541504e+16,
    "train_loss": 0.5739197583788791,
    "train_runtime": 1125.0673,
    "train_samples": 5749,
    "train_samples_per_second": 51.099,
    "train_steps_per_second": 6.391
}