{
    "epoch": 10.0,
    "eval_accuracy": 0.9197247706422018,
    "eval_loss": 0.3087500333786011,
    "eval_runtime": 7.6698,
    "eval_samples": 872,
    "eval_samples_per_second": 113.693,
    "eval_steps_per_second": 14.212
}