{
    "epoch": 10.0,
    "eval_combined_score": 0.8999186525989706,
    "eval_loss": 0.44830501079559326,
    "eval_pearson": 0.9009865522384644,
    "eval_runtime": 13.1877,
    "eval_samples": 1500,
    "eval_samples_per_second": 113.742,
    "eval_spearmanr": 0.8988507529594769,
    "eval_steps_per_second": 14.256
}