{
    "epoch": 10.0,
    "total_flos": 1.344626771541504e+16,
    "train_loss": 0.5487026708016641,
    "train_runtime": 1123.8232,
    "train_samples": 5749,
    "train_samples_per_second": 51.156,
    "train_steps_per_second": 6.398
}