{
    "epoch": 10.0,
    "eval_accuracy": 0.7003610108303249,
    "eval_loss": 0.6677781343460083,
    "eval_runtime": 2.374,
    "eval_samples": 277,
    "eval_samples_per_second": 116.678,
    "eval_steps_per_second": 14.743
}