{
    "epoch": 10.0,
    "eval_accuracy": 0.8957209992579768,
    "eval_combined_score": 0.8782987256057571,
    "eval_f1": 0.8608764519535375,
    "eval_loss": 0.3375183641910553,
    "eval_runtime": 345.6688,
    "eval_samples": 40430,
    "eval_samples_per_second": 116.962,
    "eval_steps_per_second": 14.621,
    "total_flos": 8.493526426368614e+17,
    "train_loss": 0.289228129020475,
    "train_runtime": 70094.8602,
    "train_samples": 363846,
    "train_samples_per_second": 51.908,
    "train_steps_per_second": 6.488
}